Device;b;stdev;rms;maxOdchOdSredniej
N2OTenso;-17.949858630434637;21.741255805495687;7222.246724115703;503.78600000000006
160PressureGain;-0.10160541392736905;0.6169570487481281;25.565445429329017;2.442
60PressureGain;-0.05844101764805892;3.3991138551098876;38.844008547007604;14.305
ThrustTenso;-0.103383971929755;4.685005763070095;13.996392392327389;104.811
