Device;b;stdev;rms;maxOdchOdSredniej
N2OTenso;-10.437046896543501;58.47689559988629;7026.2023467161835;1266.0410000000002
160PressureGain;-0.0957700732541855;14.574086043385362;20.206236660991575;29.003999999999998
60PressureGain;-0.004953946261214722;1.309454466562316;3.5716942758304495;3.677
ThrustTenso;-9.74451449734798;13.490796863047045;251.881543587457;67.47999999999999
