Device;mode;mean;stdev;rms;maxOdchOdSredniej
Thrust;Zero;323.632;7.115376026606042;323.71020991003667;17.367999999999995
Thrust;Burdened;26135.077;0.5891273207041072;26135.077006639945;1.922999999998865
