Device;b;stdev;rms;maxOdchOdSredniej
N2OTenso;-4.3072761647879005;23.27043196848739;2886.7077957424094;51.38599999999997
160PressureGain;-0.0622441492237584;63.00405821056292;64.92035890227349;90.343
60PressureGain;-0.046695422758565336;4.301078469407411;31.215733212596497;9.082
ThrustTenso;-2.600536317268281;26.865814709403473;322.8198599838616;551.3
