Device;b;stdev;rms;maxOdchOdSredniej
N2OTenso;1.0829465766314674;128.85829581365726;737.1106009277033;3194.76
160PressureGain;-0.0916985083984934;4.836697633716625;23.567647315758947;10.934000000000001
60PressureGain;-0.045890433421275884;6.073448361515886;30.9860452462072;13.614999999999998
ThrustTenso;-0.37669981740212843;9.880313304748995;51.30731916598255;20.653
