Device;b;stdev;rms;maxOdchOdSredniej
N2OTenso;-16.805353840802432;57.08457641079595;11313.088022109614;1129.0560000000005
160PressureGain;-0.023672030524220306;77.47488480146325;77.65493545165046;162.715
60PressureGain;-0.008315712381900608;34.88879355896389;35.33188361805807;72.422
ThrustTenso;-0.04713572172328516;6.97691729920887;9.284018526478715;16.875
