Time [s];Waga rybacka [kg];pressure_tank
0.062110185623168945;-6.309;0.195
1.0255053043365479;-6.28;-0.202
1.8798086643218994;-6.282;0.191
2.776442527770996;-6.242;-0.083
3.6442067623138428;-6.316;-0.079
4.543673038482666;-6.325;-0.059
