Device;b;stdev;rms;maxOdchOdSredniej
N2OTenso;-4.250214310029802;102.306123746333;2862.966503122242;807.8620000000001
160PressureGain;-0.10392850033178501;5.873311757432939;23.93480728980286;13.797
60PressureGain;-0.045055120044066;33.17699076167096;44.87852493119621;71.77799999999999
ThrustTenso;-0.17427519251355358;1.4459197764744762;22.692113167353984;3.353999999999999
