Time [s];Waga rybacka [kg];pressure_tank
0.0622560977935791;-6.273;-0.079
1.0545623302459717;-6.265;-0.099
1.9308083057403564;-6.267;-0.457
2.888796091079712;-6.27;-0.306
3.776482105255127;-6.213;-0.083
