Device;b;stdev;rms;maxOdchOdSredniej
N2OTenso;-10.430167556060887;76.4722460504463;7021.744433401147;2129.6719999999996
160PressureGain;-0.12661685020687685;10.394613220317531;21.22371315298056;25.496
60PressureGain;-0.004909222099963912;1.241431029095052;3.5192328709535547;3.707
ThrustTenso;-9.741531324573268;13.095142267268423;251.78376635518026;130.557
