Device;b;stdev;rms;maxOdchOdSredniej
N2OTenso;-29.792675300532505;66.58031774481104;12241.414064518853;265.7669999999998
160PressureGain;2.784726986492442;2.1627239768403177;700.4783387086285;5.475000000000023
60PressureGain;1.430988615798072;1.975305292859815;947.4890590397337;5.486999999999966
ThrustTenso;-2127.6032926781263;1.2463992137353102;1523.5675098268537;6.567000000000007
