Device;b;stdev;rms;maxOdchOdSredniej
N2OTenso;-4.231468812826149;131.92411318254142;2851.5722794626827;4079.481
160PressureGain;-0.10385683477106836;5.810854584310298;23.904037315901263;12.812999999999999
60PressureGain;-0.04528768568257021;32.63309847378885;44.584100304929336;70.622
ThrustTenso;-0.230030017637668;0.896169068870378;29.90443110978706;17.109
