Device;b;stdev;rms;maxOdchOdSredniej
N2OTenso;-10.52910685661546;12.527295637926008;7056.31912005119;41.69200000000001
160PressureGain;-0.027474568262463705;0.5413677123730228;6.932171376992926;2.0890000000000004
60PressureGain;-0.00966893384113899;0.5607102638618273;6.4265076052238514;1.5979999999999999
ThrustTenso;-0.18190820251006568;12.934449775695912;25.95544258917578;118.497
