Device;b;stdev;rms;maxOdchOdSredniej
N2OTenso;-4.186574236422744;17.770432493330038;2805.7792751747243;91.27700000000004
160PressureGain;-0.02478714124098701;0.5583681581179213;6.259952076493876;1.7649999999999997
60PressureGain;-0.04619853440590449;0.6738538417194043;30.596421359368158;2.4110000000000014
ThrustTenso;-11.198910148076019;2.6693639691881663;1385.3665717058427;6.635999999999967
