Device;b;stdev;rms;maxOdchOdSredniej
N2OTenso;-4.369640792447612;2.346852999231098;2928.4099403942746;5.5909999999998945
160PressureGain;-0.08935297298034066;6.137379245247927;23.298884093449626;13.524000000000001
60PressureGain;-0.05047419071709857;32.96288215553973;46.94089901141647;68.58
ThrustTenso;-0.5626217941361044;11.641459702288197;76.09179982100568;283.804
