Device;mode;mean;stdev;rms;maxOdchOdSredniej
60Pressure;Zero;498.75;17.330709737341977;499.05101542828265;39.25
60Pressure;Burdened;461.816;5.766120359479154;461.85199577353785;15.184000000000026
