Device;b;stdev;rms;maxOdchOdSredniej
N2OTenso;2.5242395297559708;1.4307309320763286;1067.7479585557633;7.747000000000071
160PressureGain;-0.10030676649279117;0.5854220699632019;14.670685055579375;1.3409999999999993
60PressureGain;-17.382444617153773;6.705081953265001;11087.128027492061;26.873999999999796
ThrustTenso;-4.0374337817971835;4.7649822664937584;104.32087998095108;26.787999999999997
