Device;b;stdev;rms;maxOdchOdSredniej
N2OTenso;-18.835371052811656;6.240278759799117;7739.091515869288;23.911000000000058
160PressureGain;-0.10043264621829268;1.3243228458348062;25.297687641363588;3.7369999999999983
60PressureGain;-0.045961417471655996;2.9572581896073937;30.575349548288077;5.568000000000001
ThrustTenso;0.172049;7.49483815702514;172.21216855959975;25.049000000000007
