Device;b;stdev;rms;maxOdchOdSredniej
N2OTenso;-15.687022047766705;4.46146601466379;10560.111942446443;14.888999999999214
160PressureGain;-0.037696084936960854;87.3407519088312;87.74529047191079;160.584
60PressureGain;-0.008469265335528388;4.277293419909371;7.111188367635891;10.318999999999999
ThrustTenso;-0.060410680086169545;1.1931051923447489;7.9401511320629155;4.15
