Device;b;stdev;rms;maxOdchOdSredniej
N2OTenso;1.1164345052598859;18.25642349968909;472.6017509489359;46.249000000000024
160PressureGain;-0.02046643963298577;41.849957216226635;41.956703874351234;90.009
60PressureGain;-0.004891332435463588;1.256996022268965;3.513545218152173;3.719
ThrustTenso;-13.197130187790728;7.096987459478845;340.7109229244052;19.363
