Device;b;stdev;rms;maxOdchOdSredniej
N2OTenso;-4.346285578854364;9.342052825797978;2912.7719812920477;22.242999999999938
160PressureGain;-0.024298156738558556;0.5472257303892061;6.136448484261886;1.888
60PressureGain;-0.045901005513885686;1.862346906459696;30.449006551938606;4.6080000000000005
ThrustTenso;-9.820860328127749;1.6094520806783905;1214.8930660761876;10.107999999999947
