Device;b;stdev;rms;maxOdchOdSredniej
N2OTenso;1.5541512910567565;80.65647956612042;1044.6663122739242;73.548
160PressureGain;6.416430787963598;0.0;1614.0;0.0
60PressureGain;2.437622496032229;0.0;1614.0;0.0
ThrustTenso;6.523571053887171;0.0;807.0;0.0
