Device;mode;mean;stdev;rms;maxOdchOdSredniej
N2OTenso;Zero;1877.98;1.5873247934811578;1877.9806708270455;9.019999999999982
N2OTenso;Burdened;2377.67;1.939355563067278;2377.6707909212328;8.329999999999927
