Device;mode;mean;stdev;rms;maxOdchOdSredniej
Thrust;Zero;347.837;41.4887988618615;350.3025820629931;612.163
