Device;b;stdev;rms;maxOdchOdSredniej
N2OTenso;-16.08545456375837;23.647189071853763;6804.148091936271;328.89300000000003
160PressureGain;-0.10218850199900015;1.8941077054908995;15.053637434188456;6.066000000000001
60PressureGain;-0.004851080690337859;0.7039062437569368;3.3292641829689633;1.746
ThrustTenso;-12.11079038775241;2.78972955678503;312.60944803380465;8.40300000000002
