Device;b;stdev;rms;maxOdchOdSredniej
N2OTenso;-4.242986656886988;306.774870481596;2860.029369604445;8546.471
160PressureGain;-0.07683417462142036;35.572546591437614;40.48381157944494;68.673
60PressureGain;-0.009980055423656113;14.214230053013775;15.675139552807815;30.392
ThrustTenso;-0.4545956562599265;9.771664955369683;61.53876826846634;21.241999999999997
