Device;b;stdev;rms;maxOdchOdSredniej
N2OTenso;-4.377037202356033;27.545632249051756;2946.6407531288914;638.4879999999998
160PressureGain;-0.10608742534837426;1.474372747984715;23.73084490699815;5.315000000000001
60PressureGain;-0.045547085817824906;34.186566016492506;45.84916575031655;75.44800000000001
ThrustTenso;-0.6041298877458049;3.9663573969071426;78.60313606975234;102.497
