Device;mode;mean;stdev;rms;maxOdchOdSredniej
FishScales;Zero;-661.778;158.81015936016186;680.5665198935369;3558.7780000000002
FishScales;Burdened;3227.91;230.13264848777976;3236.1032128163033;6498.09
