Device;b;stdev;rms;maxOdchOdSredniej
N2OWeigthBValue;-21.59980910125607;3.637182975875698;14709.47044967969;6.530000000000655
BemBValue;-0.00530102789941;0.5078385570237849;3.645545226711637;1.3900000000000001
N20BValue;-0.04340675476636;0.6681317235396027;29.567549780122125;1.4400000000000013
ThrustBValue;-1.1709985314084501;0.5722761571129799;797.4502053420013;1.5499999999999545
