Device;b;stdev;rms;maxOdchOdSredniej
N2OTenso;-10.489255867001681;16.646795457384584;7029.620710607365;76.39900000000034
160PressureGain;-0.027462641811184966;0.5563595959449248;6.930367955599472;1.0919999999999996
60PressureGain;-0.009671954439027505;0.5698982365299966;6.429307894322685;1.596
ThrustTenso;-0.18471325722592546;5.201682420140623;23.434589819324767;111.15
