Device;b;stdev;rms;maxOdchOdSredniej
N2OTenso;1.9188012008121091;37.91090244243732;1286.48471191849;980.9259999999999
160PressureGain;-0.022688085815928283;2.2880452355668144;6.148577071160449;5.293
60PressureGain;-0.008939459451062429;2.101532536031741;6.281003104600411;5.081
ThrustTenso;-0.15509584513334895;19.157650142958556;28.225998653723487;46.271
