Time [s];Waga rybacka [kg];pressure_tank
0.02603745460510254;-6.318;0.084
0.8907363414764404;-6.274;-0.453
1.687209129333496;-6.306;-0.123
2.5444741249084473;-6.313;0.028
