Device;b;stdev;rms;maxOdchOdSredniej
N2OTenso;-20.426857637410325;0.0;8393.0;0.0
160PressureGain;7.700512042308234;0.0;1937.0;0.0
60PressureGain;2.925449055027526;0.0;1937.0;0.0
ThrustTenso;0.9570000000000001;0.0;957.0;0.0
