Device;mode;mean;stdev;rms;maxOdchOdSredniej
ThrustTenso;Zero;3270.187;2.9863072514394764;3270.1883635350428;67.8130000000001
ThrustTenso;Burdened;3917.371;1.1390166811772338;3917.3711655905163;3.6289999999999054
