Device;mode;mean;stdev;rms;maxOdchOdSredniej
ThrustTenso;Zero;38.57;10.542537645178223;39.9848721393479;15.43
ThrustTenso;Zero;31.35;0.6689544080129827;31.3571363488441;1.6499999999999986
ThrustTenso;Burdened;1913.46;9.455601514446347;1913.483362875152;17.539999999999964
ThrustTenso;Burdened;5015.75;7.505164888261949;5015.75561505941;20.25
