Device;b;stdev;rms;maxOdchOdSredniej
N2OTenso;-4.332852554695721;178.41416472914923;2922.219563961613;2624.232
160PressureGain;-0.10362392169873923;5.966973688562737;23.892111668917003;13.864999999999998
60PressureGain;-0.05049506885753952;31.661433306153402;46.36476032505722;68.12899999999999
ThrustTenso;-0.68467233077534;7.513457193596035;89.28569314285464;118.031
