Device;b;stdev;rms;maxOdchOdSredniej
N2OTenso;-9.430846290902245;150.6365087719441;6322.079866547085;209.71500000000015
160PressureGain;-0.0271008727890631;0.5436092346529813;6.838640215715402;1.1829999999999998
60PressureGain;-0.009462022885775658;0.5355137719984426;6.287845417947232;1.7350000000000003
ThrustTenso;-0.2131679909430046;0.775306391048081;26.381394959326922;2.629999999999999
