Device;b;stdev;rms;maxOdchOdSredniej
N2OTenso;-20.598170169548972;5.784952808796282;8463.390977084777;20.611000000000786
160PressureGain;-0.1056763092971799;0.7136357614357621;26.59157761397394;2.4179999999999993
60PressureGain;-0.04816192303343974;0.6218351871677896;31.895062313781423;2.1110000000000007
ThrustTenso;0.16655799999999998;4.250721821055807;166.61223244407955;16.557999999999993
