Device;b;stdev;rms;maxOdchOdSredniej
N2OTenso;1.1054169421758528;18.25108870725251;741.043786155717;45.81899999999996
160PressureGain;-5.476701961390101;8.611030077754926;1377.6459120543275;19.381000000000085
60PressureGain;-6.26126747739514;8.118140427462437;4145.721948466877;25.286000000000058
ThrustTenso;-0.40614176590903794;48.21946158969426;72.60614299079658;1388.718
