Device;mode;mean;stdev;rms;maxOdchOdSredniej
N2OTenso;Zero;22739.542;5.3766379829778375;22739.542635638034;10.45799999999872
N2OTenso;Burdened;23839.311;8.94182749777695;23839.31267698379;18.688999999998487
