Device;b;stdev;rms;maxOdchOdSredniej
N2OTenso;2.4835253407379194;1.5720607494623102;1050.526176256451;3.525000000000091
160PressureGain;-0.02978339408244713;63.21594987817552;63.6350139467259;104.709
60PressureGain;-0.0013531684854013741;0.5989983305485919;1.0802777420645118;1.101
ThrustTenso;-4.512959270587137;5.1716345578549925;116.60074613826448;12.513999999999996
