Device;mode;mean;stdev;rms;maxOdchOdSredniej
ThrustTenso;Zero;43.816;10.680362540663122;45.098913512411805;34.184
ThrustTenso;Zero;31.232;0.6886043856961702;31.239590266199077;1.7680000000000007
ThrustTenso;Burdened;1804.608;10.953005797496866;1804.6412391386825;15.392000000000053
ThrustTenso;Burdened;4666.076;10.978625779212988;4666.08891556944;32.92399999999998
