Device;mode;mean;stdev;rms;maxOdchOdSredniej
Thrust;Zero;425.55;5.998291423397166;425.5922720163044;15.449999999999989
