Device;mode;mean;stdev;rms;maxOdchOdSredniej
Thrust;Zero;22.817;5.698202435856416;23.517759247003106;12.183
Thrust;Zero;30.135;6.883950537300511;30.9112762596435;15.864999999999998
Thrust;Burdened;1529.817;5.502682164181391;1529.8268964167155;23.182999999999993
Thrust;Burdened;4557.889;7.845933915092581;4557.895752976367;26.110999999999876
