Device;b;stdev;rms;maxOdchOdSredniej
N2OTenso;0.9794342764668104;278.92927361429815;713.1956667002402;7924.389
160PressureGain;-0.09079209810130895;10.374572569508587;25.08397895071673;21.162
60PressureGain;-0.04574695502157138;1.7843486206456405;30.342511431982686;4.710000000000001
ThrustTenso;-0.3177859921052019;28.47741685968023;51.13627870700018;442.527
