Device;b;stdev;rms;maxOdchOdSredniej
N2OTenso;-4.361745799148233;18.543464509093223;2923.1768167526234;241.88200000000006
160PressureGain;-0.08924563491883199;6.29455312154882;23.314780719534976;12.550999999999998
60PressureGain;-0.04610187527347198;37.80094410196655;48.58690152705768;74.475
ThrustTenso;-0.5586338504120427;0.7598888076554358;74.66686681520794;2.3370000000000033
