Waga rybacka [kg];pressure_tank
0.02446746826171875;0.0;0.0
0.8801009654998779;0.0;0.0
1.6357157230377197;0.0;0.0
2.476628541946411;0.0;0.0
3.2724218368530273;0.0;0.0
