Device;b;stdev;rms;maxOdchOdSredniej
N2OTenso;-18.57322146313028;0.0;13878.0;0.0
160PressureGain;8.98061781289329;0.0;2259.0;0.0
60PressureGain;3.4117653150785654;0.0;2259.0;0.0
ThrustTenso;701.0;0.0;701.0;0.0
