Device;mode;mean;stdev;rms;maxOdchOdSredniej
ThrustTenso;Zero;43.71;10.96293300171081;45.06384359994163;31.29
ThrustTenso;Zero;31.33;0.7622991538759569;31.339272486769694;1.6700000000000017
