Device;b;stdev;rms;maxOdchOdSredniej
N2OTenso;-4.292770852060888;37.59678449016618;2890.0305610840865;593.2139999999999
160PressureGain;-0.10320736562707367;32.156496015579805;39.55975227424965;62.958
60PressureGain;-0.058928554864067256;3.621769733155326;39.69357630650078;11.472000000000001
ThrustTenso;-1.798822271009145;57.74377441768073;240.77278916023712;1698.254
