Device;b;stdev;rms;maxOdchOdSredniej
N2OTenso;1.5042461595319556;38.57201564606133;1008.8406509454305;257.10299999999995
160PressureGain;-0.022167297443423183;39.102151142871925;39.49772145326867;79.424
60PressureGain;-0.04457496304082726;8.023453371211177;30.585159800138367;16.486
ThrustTenso;-3.393776689481218;31.408604171468685;421.00124702903196;716.172
