Device;b;stdev;rms;maxOdchOdSredniej
N2OTenso;-10.295195222601505;203.035954884843;6933.441446929512;6415.532
160PressureGain;-0.03966014179631746;58.50636191047945;58.79275465565464;108.204
60PressureGain;-0.004916676126839046;0.5737560457197814;3.347536407569005;1.702
ThrustTenso;-9.877982422138707;1.8909719722936138;254.97201218957346;6.034999999999997
