Device;mode;mean;stdev;rms;maxOdchOdSredniej
FishScales;Zero;6753.171;93.99239202722738;6753.8250736156915;2786.8289999999997
FishScales;Burdened;9204.175;8.965844912778717;9204.179366842;21.825000000000728
