Device;b;stdev;rms;maxOdchOdSredniej
N2OTenso;1.8310654578491778;21.345154391570937;1227.313629028864;176.12799999999993
160PressureGain;-0.04518932389515627;43.71544705250079;45.16911555476817;75.633
60PressureGain;-0.008548292024499637;22.131118363065163;22.843423561279074;46.34
ThrustTenso;-1.0426073113335212;10.590534641839382;129.41007688738927;22.024
