Device;b;stdev;rms;maxOdchOdSredniej
N2OTenso;-29.806594185177843;36.32332165427606;12247.005865679987;37.048000000000684
160PressureGain;2.7941926133240043;1.996813461493086;702.8588364671814;4.8559999999999945
60PressureGain;1.4338596940911064;2.807036871863282;949.3921497463522;6.388000000000034
ThrustTenso;-2125.522564422598;1.3939408165341884;1522.0776382957604;6.076999999999998
