Device;b;stdev;rms;maxOdchOdSredniej
N2OTenso;-7.612904338263433;40.03353214494069;5102.109063318816;155.04799999999977
160PressureGain;-0.027168456012975975;0.5389285666950676;6.855216991459862;1.1660000000000004
60PressureGain;-0.00948316707099527;0.5264589252733778;6.3010316615614625;1.721
ThrustTenso;-0.2540716706613058;0.7204859471218019;31.438256949137624;3.5700000000000003
