Device;b;stdev;rms;maxOdchOdSredniej
N2OTenso;-4.285016553352347;2.260894513240279;2884.566886033326;6.4340000000001965
160PressureGain;-0.09838785666887857;5.144399284658997;22.56036347224929;11.033999999999999
60PressureGain;-0.045347317897571286;32.32527302282225;44.38668719334661;71.582
ThrustTenso;-0.5332762404141663;0.7591995785035711;69.30015872997694;2.7039999999999935
