Device;mode;mean;stdev;rms;maxOdchOdSredniej
N2OTenso;Zero;2024.63;1.8036352181081405;2024.6308033811993;3.369999999999891
N2OTenso;Burdened;5455.63;16.62507443592359;5455.655330938713;37.36999999999989
