Device;b;stdev;rms;maxOdchOdSredniej
N2OTenso;-4.203278520375581;89.6631375538465;2830.9622759761387;933.4580000000001
160PressureGain;-0.10599336429993365;6.483448465130265;24.53609585895849;14.335999999999999
60PressureGain;-0.050608370066041575;34.507683072034844;48.40639420572452;71.053
ThrustTenso;-3.31042061681369;8.112116801427355;430.2454822540267;157.83100000000002
