Device;b;stdev;rms;maxOdchOdSredniej
N2OTenso;-16.51093114052748;532.8188092438179;11127.509808038814;15866.254
160PressureGain;-0.02429014598540146;80.11656552174463;80.29989414687917;168.577
60PressureGain;-0.008475228557028496;36.783254002331006;37.21998119290229;77.315
ThrustTenso;-0.14246146621084976;170.65319175450546;171.6543212389365;5146.488
