Device;b;stdev;rms;maxOdchOdSredniej
N2OTenso;-18.07094220871818;0.0;7425.0;0.0
160PressureGain;7.700512042308234;0.0;1937.0;0.0
60PressureGain;2.925449055027526;0.0;1937.0;0.0
ThrustTenso;2.7040450000000003;7252.942422422434;7740.609352305541;2003.045
