Device;b;stdev;rms;maxOdchOdSredniej
N2OTenso;2.0322531656659892;13.565284958304414;859.7450249928754;27.638000000000034
160PressureGain;-0.018064660859606296;1.7794381135628177;3.1837085293726246;4.359999999999999
60PressureGain;-0.0040251745125729;1.7320508075688774;3.207802986469088;4.3
ThrustTenso;0.5157402074932264;17.204843969068712;21.753528449426312;35.312
