Device;b;stdev;rms;maxOdchOdSredniej
N2OTenso;2.0510901566133724;14.512848238715929;867.7273730844267;115.606
160PressureGain;-0.018393109238871864;1.883256753605307;3.2820725159569526;5.311999999999999
60PressureGain;-0.004102696392074304;1.7901106111075928;3.2829864452964164;4.248
ThrustTenso;-7.703249469372986;17.19935394135489;199.57450237943723;36.168000000000006
