Device;b;stdev;rms;maxOdchOdSredniej
N2OTenso;-4.303488718954014;97.93244099377897;2898.6558189961083;911.9989999999998
160PressureGain;-0.10463171864631719;5.9671098531868845;24.110080879167537;14.64
60PressureGain;-0.05037431362216233;32.02695583410949;46.556309991235345;68.21000000000001
ThrustTenso;-0.8577470053152066;15.355465443938845;112.51177271734723;149.541
