Time [s];Waga rybacka [kg];pressure_tank
0.050241947174072266;-6.227;-0.083
0.9655184745788574;-6.277;-0.095
1.7530686855316162;-6.285;0.199
2.6636877059936523;-6.276;-0.115
