Device;mode;mean;stdev;rms;maxOdchOdSredniej
ThrustTenso;Zero;4494.628;11.645841146091596;4494.643087498717;23.3720000000003
ThrustTenso;Burdened;4494.411;11.837655130979275;4494.42658934374;23.588999999999942
