Device;b;stdev;rms;maxOdchOdSredniej
N2OTenso;-18.976460694667765;11.004835300902961;7797.067766154146;53.9399999999996
160PressureGain;-0.1038436112840131;0.6374629400992656;26.128777238898877;1.8790000000000013
60PressureGain;-0.05770550206220532;3.264465653058705;38.34720328785399;12.792000000000002
ThrustTenso;0.043932000000000006;1.719702299818198;43.96564567932558;16.932000000000002
