Device;b;stdev;rms;maxOdchOdSredniej
N2OTenso;2.10353583393177;4.842372972004531;846.3818523574333;14.368000000000052
160PressureGain;-0.12403509329892456;3.487119154832539;31.394266992557736;0.8000000000000007
60PressureGain;-0.04832956621625237;0.0;32.0;0.0
ThrustTenso;-2.00669473152;0.0;256.0;0.0
