Device;b;stdev;rms;maxOdchOdSredniej
N2OTenso;-15.945952555875069;8.927283797438054;6745.103907724477;21.902000000000044
160PressureGain;-0.01911843274308333;34.1574525396728;34.27153337684207;72.206
60PressureGain;-0.0048838784085884525;1.0648117204463896;3.4447060832529672;2.724
ThrustTenso;-9.091664569728662;6.620229527742977;234.76236282675296;83.33099999999999
