Device;mode;mean;stdev;rms;maxOdchOdSredniej
60Pressure;Zero;27.519;0.6462499516440987;27.526587147701402;2.4810000000000016
60Pressure;Burdened;16636.685;6.96403439106959;16636.68645755518;22.31499999999869
