Time [s];Waga rybacka [kg];pressure_tank
0.03398489952087402;-6.274;-0.417
0.9768404960632324;-6.227;-0.071
1.8015923500061035;-6.271;0.199
2.6743927001953125;-6.274;-0.087
3.478956460952759;-6.248;-0.067
4.34347677230835;-6.301;0.124
