Device;mode;mean;stdev;rms;maxOdchOdSredniej
Thrust;Zero;22.995;5.5377770811039335;23.65242059494123;12.004999999999999
Thrust;Zero;30.269;5.507325939146874;30.765938958530096;12.731000000000002
Thrust;Burdened;23.003;4.751314660175645;23.488571689227932;11.997
Thrust;Burdened;30.287;5.663623486779466;30.811994417758807;13.713000000000001
