Device;b;stdev;rms;maxOdchOdSredniej
N2OTenso;-4.440561438171704;11.325994702453292;2975.9595524805104;48.0619999999999
160PressureGain;-0.14272384245271447;134.0013328254611;138.72721074107992;327.099
60PressureGain;-0.0459040261117742;1.8683586379493635;30.451371069296698;4.606000000000002
ThrustTenso;-4.4008640860554085;8.511750701236497;544.4765357662349;68.59000000000003
