Device;b;stdev;rms;maxOdchOdSredniej
N2OTenso;-4.194396114116062;3.2817335358008575;2810.9669156715454;8.034999999999854
160PressureGain;-0.0245804160854888;0.5687802739195515;6.209106215873586;1.8170000000000002
60PressureGain;-0.04611244736608179;0.676;30.539482641328423;2.468
ThrustTenso;-11.106634356774752;1.2491593173010398;1373.9495678517462;7.050999999999931
