Device;b;stdev;rms;maxOdchOdSredniej
N2OTenso;-6.127918564798061;12.271526025723126;2517.8729044572524;15.157000000000153
160PressureGain;-0.10575979445613111;0.7793529367366239;26.614413388237583;2.3969999999999985
60PressureGain;-0.048592358232553236;0.6353927919011987;32.18027346061559;1.8260000000000005
ThrustTenso;-2.487341;9.638916899735158;2487.359676243064;15.659000000000106
