Device;b;stdev;rms;maxOdchOdSredniej
N2OTenso;-4.221072865241802;2.5969888332451485;2828.844192068556;53.15700000000015
160PressureGain;-0.08856582719594364;5.9612679859238;23.06178657433114;12.722000000000001
60PressureGain;-0.04592668059593807;36.74756752493966;47.6979140005095;79.59100000000001
ThrustTenso;-0.6144500984073529;0.7614926132274692;82.1265304271403;1.8769999999999953
