Device;b;stdev;rms;maxOdchOdSredniej
N2OTenso;1.9721960725400702;11.754626493428024;834.3168091318788;29.234000000000037
160PressureGain;-0.018913152506042346;1.874114190757863;3.3394610343586884;5.236000000000001
60PressureGain;-0.004227924043576572;1.794186166483289;3.3558903438580945;4.164
ThrustTenso;-6.222201042986939;28.03293034985818;163.03217473860798;67.39599999999999
