Device;mode;mean;stdev;rms;maxOdchOdSredniej
Thrust;Zero;23.06;4.702169711952132;23.534527826153642;10.940000000000001
Thrust;Zero;30.366;5.985319039115627;30.95025040286427;14.634
Thrust;Burdened;23.094;4.719233412324505;23.571253679004858;10.905999999999999
Thrust;Burdened;30.358;6.082584647992989;30.961363019092037;13.642
