Device;mode;mean;stdev;rms;maxOdchOdSredniej
Thrust;Zero;22.912;5.806570071909922;23.636327972001066;13.088000000000001
Thrust;Zero;30.203;6.0365379978925;30.800340907204255;14.797
Thrust;Burdened;1376.814;7.7494131390705965;1376.8358086569365;20.185999999999922
Thrust;Burdened;4145.581;8.079940531959378;4145.5888740925575;24.41899999999987
