Device;mode;mean;stdev;rms;maxOdchOdSredniej
N2OTenso;Zero;19841.346;0.8150361955152667;19841.34601673989;8.653999999998632
N2OTenso;Burdened;21943.099;3.6871667985053245;21943.099309783018;12.901000000001659
