Device;mode;mean;stdev;rms;maxOdchOdSredniej
N2OTenso;Zero;90.141;18.417467768398563;92.00327711554627;511.859
N2OTenso;Burdened;2148.283;71.24608698728655;2149.464085068648;1082.717
