Device;b;stdev;rms;maxOdchOdSredniej
N2OTenso;1.8313534438077452;18.010495801060003;1227.4531416718114;36.32099999999991
160PressureGain;-0.0453284658267416;44.003208928440664;45.45644068776173;75.598
60PressureGain;-0.008927377059508367;21.918008098365142;22.7010792694973;46.089
ThrustTenso;-1.0352834508938413;10.719099775634145;128.51779643302325;21.930000000000007
N2OTenso;1.8313250928584561;17.985961080798546;1227.4337839574075;38.30199999999991
160PressureGain;-0.04623487612392605;44.03486232520774;45.544769183738325;76.37
60PressureGain;-0.008842800318629926;21.966792551485526;22.73369745553943;46.144999999999996
ThrustTenso;-1.0350490226899223;10.743617593715815;128.49094520626736;20.959000000000003
