Device;b;stdev;rms;maxOdchOdSredniej
N2OTenso;-4.25203210186541;2.4115801873460483;2849.5920204478393;10.409000000000106
160PressureGain;-0.09512935088301172;0.5915733259706696;23.93631132818923;2.0710000000000015
60PressureGain;-0.0461517151386325;0.671294272283028;30.56537256439057;2.442
ThrustTenso;-0.146743971922198;0.8072118680990759;18.170938335705177;5.847000000000001
