Device;b;stdev;rms;maxOdchOdSredniej
N2OTenso;-4.378742939324613;76.23281392550061;2935.499022823888;14.490999999999985
160PressureGain;-0.031016724292250303;6.812987303672304;10.35799208341076;15.198
60PressureGain;-0.012006876606850198;5.943694137487224;9.926227883743149;13.05
ThrustTenso;-23.784770304118062;59.34627535911585;2942.899446974021;11.69900000000007
