Device;b;stdev;rms;maxOdchOdSredniej
N2OTenso;-4.097332908837044;1.931047384193355;2745.916678998108;6.083999999999833
160PressureGain;-0.08760773560988463;6.211250357214721;22.89561093310244;12.963000000000001
60PressureGain;-0.04597501016215432;38.11024165496724;48.77545489280443;78.559
ThrustTenso;-0.13575469217518854;0.7584616008737686;18.159845814323425;2.8560000000000016
