Time [s];Waga rybacka [kg];pressure_tank
0.018799543380737305;-6.221;-0.099
0.9967329502105713;-6.261;-0.095
1.8965861797332764;-6.274;-0.099
2.8119399547576904;-6.273;-0.417
