Device;b;stdev;rms;maxOdchOdSredniej
N2OTenso;2.1368198804552847;7.686247458935992;859.7943568086499;11.759999999999991
160PressureGain;-0.11894647408666101;5.380854950656076;30.4;2.0799999999999983
60PressureGain;-0.00021748304797313564;1.5110473189149305;1.517893276880822;15.856
ThrustTenso;-1.98437025263184;7.0166157084452045;253.24922112417246;18.848000000000013
