Device;mode;mean;stdev;rms;maxOdchOdSredniej
ThrustTenso;Zero;3915.437;6.0715756604031546;3915.4417075216434;69.5630000000001
ThrustTenso;Burdened;3262.939;1.5418427286853873;3262.939364284908;4.061000000000149
