Device;b;stdev;rms;maxOdchOdSredniej
N2OTenso;-4.301638802345063;132.4249867056818;2885.875912093242;3789.164
160PressureGain;-0.08904288524709335;12.367764389735115;25.58577729911679;20.602
60PressureGain;-0.04657912973985748;67.6839251152;74.37930491742982;122.15899999999999
ThrustTenso;-3.4737086232864676;147.7986784244027;454.42302978612344;2766.284
