Device;b;stdev;rms;maxOdchOdSredniej
N2OTenso;-10.559475686268225;20.770324383600755;7108.405344871661;50.625
160PressureGain;-0.02151336884189477;34.46275183440812;34.60586655467538;71.856
60PressureGain;-0.0049196577375891;1.528397853963424;3.6367567969277244;3.7
ThrustTenso;-9.625265071366599;18.026498162427444;249.0951264075634;369.558
