Device;mode;mean;stdev;rms;maxOdchOdSredniej
160Pressure;Zero;884.362;3.9913601691653935;884.371006987452;15.638000000000034
160Pressure;Burdened;9955.088;7.063445051814306;9955.090505866836;24.912000000000262
