Device;b;stdev;rms;maxOdchOdSredniej
N2OTenso;-15.92450325631864;17.058322748734707;6736.046599230145;59.975000000000364
160PressureGain;-0.04606488519199606;64.40220629761065;64.75310031187696;106.268
60PressureGain;-0.0049748175364651;0.5911268899314257;3.3889526405661083;1.6629999999999998
ThrustTenso;-10.267305840490527;2.170669021292744;265.0228895774854;8.98599999999999
