Device;b;stdev;rms;maxOdchOdSredniej
N2OTenso;-20.42450172198163;4.710942156299523;8392.033322264635;13.968000000000757
160PressureGain;-0.13074968536885676;0.6470540935655997;32.89536441506615;2.110999999999997
60PressureGain;-0.052404352767860145;2.173199484630898;34.76598912730659;11.302
ThrustTenso;0.043658999999999996;2.707899370360723;43.742896566185465;7.658999999999999
