Device;b;stdev;rms;maxOdchOdSredniej
N2OTenso;-15.825651676900497;375.8806000726826;10660.061956245845;10724.567
160PressureGain;-0.036795786330457866;87.71380036801507;88.09765604146344;159.785
60PressureGain;-0.008491627416153792;4.32961707313707;7.154718722633336;10.304
ThrustTenso;-0.16182366635056983;196.0060234176491;197.13076370774806;5973.972
