Device;b;stdev;rms;maxOdchOdSredniej
N2OTenso;1.9558886473951091;2.646337846912219;827.3402323107465;7.336000000000013
160PressureGain;-0.019200544837899722;0.862765321509853;2.9356430300702434;2.194
60PressureGain;-0.028808323067021753;16.341267515098085;25.30719265347304;33.676
ThrustTenso;-3.0401242549574428;1.0183810681665286;78.4766079797031;3.530000000000001
