Device;b;stdev;rms;maxOdchOdSredniej
N2OTenso;1.8304432291200452;18.159721335967685;1226.8454071316403;40.71100000000001
160PressureGain;-0.03943679889504268;44.03014421961391;45.13380108078645;77.08
60PressureGain;-0.008614745178046983;22.6305630508832;23.338337558618008;46.296
ThrustTenso;-1.0434480193751625;10.678183366097437;129.5209249503724;20.919999999999987
N2OTenso;1.8307371836995154;20.545693855404352;1227.080016135867;127.9079999999999
160PressureGain;-0.03779889958609534;43.82944142924936;44.84887958466744;76.492
60PressureGain;-0.008598131889660148;22.28144409592879;22.997238964710526;46.307
ThrustTenso;-1.0444342345778566;10.668420501648779;129.64170625227052;20.798000000000002
