Device;b;stdev;rms;maxOdchOdSredniej
N2OTenso;-20.717596584926994;3.755837989051178;8512.459828568943;6.540999999999258
160PressureGain;-0.10610963702697422;0.7781510136213922;26.70234072136748;2.309000000000001
60PressureGain;-0.04803052702528931;0.6409336939184894;31.80845799469066;2.1980000000000004
ThrustTenso;0.078308;3.2467115671090956;78.37527671402506;7.308000000000007
