Device;mode;mean;stdev;rms;maxOdchOdSredniej
Thrust;Zero;22.935;4.557935387870258;23.38351983769766;11.065000000000001
Thrust;Zero;30.27;6.956514932061887;31.059072748554488;15.73
Thrust;Burdened;22.944;5.732788501244399;23.649355170913225;13.056000000000001
Thrust;Burdened;30.235;9.315029522229116;31.637398755270635;22.765
