Device;b;stdev;rms;maxOdchOdSredniej
N2OTenso;1.0896672437681905;78.81952996561195;734.5052947392551;807.264
160PressureGain;-0.09156731743442724;4.615615993559256;23.490913136785466;9.966999999999999
60PressureGain;-0.045752996217348414;5.859484960301545;30.855469531348895;12.706
ThrustTenso;-0.11229091821898311;10.128669014238742;18.10607632812808;27.992
