Device;b;stdev;rms;maxOdchOdSredniej
N2OTenso;-4.430826617478991;90.73753690728;2970.8000276019925;1024.5859999999998
160PressureGain;-0.039631597599262144;88.52495715333615;89.08450482547455;154.031
60PressureGain;-0.009816943137676263;3.788139384975162;7.523297149521611;9.5
ThrustTenso;-0.5988873911915024;2.405234084242114;80.07912961564955;5.956999999999994
