Device;b;stdev;rms;maxOdchOdSredniej
N2OTenso;1.5029793197453045;38.90737056137308;1008.0051607010749;106.25400000000002
160PressureGain;-0.022441605822834266;39.93463377821312;40.331637705404425;82.355
60PressureGain;-0.04486191984023626;8.101998765736761;30.789121455475147;18.296
ThrustTenso;-3.575959738851051;140.43135609613685;464.12041433231525;1281.635
