Device;b;stdev;rms;maxOdchOdSredniej
N2OTenso;-4.339963632840891;96.53271453243195;2923.149360364605;898.4450000000002
160PressureGain;-0.3297601194426012;7.7337646718787605;74.02708963615954;26.378
60PressureGain;-0.045244452326694426;35.257016308814336;46.520092433270165;84.651
ThrustTenso;-0.30670925539290284;12.80242066954527;41.86075727934219;166.145
