Device;b;stdev;rms;maxOdchOdSredniej
N2OTenso;-4.18087869849319;1.8206128089190188;2814.463588856676;4.536999999999807
160PressureGain;-0.10555889183808893;6.502269680657671;24.447556115080296;13.433
60PressureGain;-0.05203208919919236;34.53566846030348;49.100529528712826;70.098
ThrustTenso;-3.5227737768516216;0.7488865067551959;457.76361257749613;2.237000000000023
