Device;b;stdev;rms;maxOdchOdSredniej
N2OTenso;1.9397608923445258;1.7893585442833977;820.515951094188;3.51400000000001
160PressureGain;-0.01886525378406612;0.5656421130007914;2.8144271175498576;1.2429999999999999
60PressureGain;-0.0042786114263274905;0.5505451843400322;2.9223278392404914;1.13
ThrustTenso;-9.488697746290455;0.910006043935973;244.9186905893464;7.082999999999998
