Device;b;stdev;rms;maxOdchOdSredniej
N2OTenso;-4.411573541565774;1.730282924842062;2969.7615040605533;6.239000000000033
160PressureGain;-0.0960408095554081;27.67967911663717;35.01319751179546;59.558
60PressureGain;-0.045723000852078095;34.04930395764354;45.825800593115666;79.33
ThrustTenso;-0.10283667745114441;17.229139009248254;21.803967528869602;197.637
