Device;b;stdev;rms;maxOdchOdSredniej
N2OTenso;1.9687917970676514;12.14551620969648;832.882560749113;26.793999999999983
160PressureGain;-0.01955636391543742;1.7163437884060408;3.3337666385036613;4.1419999999999995
60PressureGain;-0.004400857467079704;1.7943511362049513;3.4545622009163477;4.048
ThrustTenso;-2.8877887309292447;5.254194134213162;74.72295497368931;21.462000000000003
