Device;b;stdev;rms;maxOdchOdSredniej
N2OTenso;1.8893114211074327;101.78524315439837;805.6297648423871;678.174
160PressureGain;-0.019152646115923492;0.5555168764313106;2.8535942248329564;1.201
60PressureGain;-0.004268175788702301;0.5461053012011511;2.914618328357934;2.137
ThrustTenso;-9.479205832916367;1.5454500962502802;244.67688080405145;5.328000000000003
