Device;b;stdev;rms;maxOdchOdSredniej
N2OTenso;1.896869759406111;0.7624670484683258;1255.2622315675717;2.2619999999999436
160PressureGain;-0.021475563269256107;0.553530486965262;5.430285443694466;1.5979999999999999
60PressureGain;-0.008412365119516428;0.5701754116059373;5.599107071667768;1.4299999999999997
ThrustTenso;0.02683798748315416;0.7096477999684069;3.394996318112878;2.32
