Device;b;stdev;rms;maxOdchOdSredniej
N2OTenso;2.7846061622570266;2.4979991993593598;1120.4027847162822;0.40000000000009095
160PressureGain;4.451842125588939;2.811587451956634;1119.8275295776577;15.82400000000007
60PressureGain;2.1231661734461826;19.58909737583639;1405.9284761324097;13.791999999999916
ThrustTenso;8.77703191882704;2.127217901391392;1119.714020632054;15.711999999999989
