Device;b;stdev;rms;maxOdchOdSredniej
N2OTenso;-4.454192474506009;296.28573978340575;3013.053872568494;8549.548999999999
160PressureGain;-0.09614382879893829;33.452515226810675;39.74691182972584;72.535
60PressureGain;-0.04563057091882642;29.392419703045885;42.435409742336645;65.392
ThrustTenso;-0.08332056475069526;15.979332620607156;19.301891099060732;195.173
