Device;b;stdev;rms;maxOdchOdSredniej
N2OTenso;1.4966824246926909;68.51053089854143;1005.3710250449831;496.034
