Device;b;stdev;rms;maxOdchOdSredniej
N2OTenso;-26.226126120915186;3.386241426714876;19596.28729257152;11.712999999999738
160PressureGain;-0.09458073412418956;0.9018420039009049;23.80808686140069;2.2089999999999996
60PressureGain;-0.04771034364910663;0.7224264668462805;31.598259445735298;2.41
ThrustTenso;-4.524223;11.551245430688416;4524.237746294949;23.777000000000044
