Device;b;stdev;rms;maxOdchOdSredniej
N2OTenso;-4.2648360652382635;2.3980489986653737;2870.9820015109813;8.018999999999778
160PressureGain;-0.10565295288652954;6.062858731654565;24.354712069741247;13.411999999999999
60PressureGain;-0.04545018346844815;32.635622117557375;44.66028436989626;71.513
ThrustTenso;-0.7587196637421072;1.212319677312878;98.59845333472529;30.409000000000006
