Device;mode;mean;stdev;rms;maxOdchOdSredniej
Thrust;Zero;22.998;4.62601297015043;23.45864446211673;10.001999999999999
Thrust;Zero;30.337;5.890622293102826;30.9036082035739;13.663
Thrust;Burdened;23.024;4.604066029066048;23.4798211236798;9.975999999999999
Thrust;Burdened;30.25;5.880433657477993;30.816261940735124;14.75
