Device;b;stdev;rms;maxOdchOdSredniej
N2OTenso;-66.07379237276702;3.154444325075337;27148.441183261333;10.559000000001106
160PressureGain;-0.06548814397157642;0.6747377268242825;16.486812912142845;1.527000000000001
60PressureGain;0.023104553249257146;4.118640066818172;15.842727037981813;15.298
ThrustTenso;1.512834;2.6054642580545986;1512.836243616605;6.83400000000006
