Device;mode;mean;stdev;rms;maxOdchOdSredniej
N2OTenso;Zero;1935.38;16.118796481127248;1935.4471214683185;1.6199999999998909
N2OTenso;Burdened;5487.0;0.0;5487.0;0.0
