Time [s];Waga rybacka [kg];pressure_tank
0.014384984970092773;-6.258;-0.075
1.006988525390625;-6.271;-0.099
1.8351807594299316;-6.276;0.195
2.7480316162109375;-6.224;-0.079
3.570417881011963;-6.243;-0.075
4.407635927200317;-6.221;-0.083
5.196200609207153;-6.312;-0.035
