Device;mode;mean;stdev;rms;maxOdchOdSredniej
ThrustTenso;Zero;3915.335;5.770682368663173;3915.3392526063435;79.66499999999996
ThrustTenso;Burdened;3261.482;1.9497887065012969;3261.482582814141;4.518000000000029
