Device;b;stdev;rms;maxOdchOdSredniej
N2OTenso;2.1953439656769236;14.73093259098011;928.7418322655656;30.625
160PressureGain;-0.016025543838332556;1.6440912383441497;2.861468154636707;3.658
60PressureGain;-0.0036793076655666362;1.7020505280396347;2.997999332888518;3.532
ThrustTenso;-28.431496183185406;14.635362516863053;734.0039223328442;39.14200000000005
