Device;mode;mean;stdev;rms;maxOdchOdSredniej
FishScales;Zero;-1195.798;0.7464556249369416;1195.7982329807985;2.798000000000002
FishScales;Burdened;2225.784;0.8107675375839859;2225.7841476657163;2.2159999999998945
