Device;mode;mean;stdev;rms;maxOdchOdSredniej
N2OTenso;Zero;2004.75;2.790609252475165;2004.7519422611865;25.25
N2OTenso;Burdened;1937.0;0.0;1937.0;0.0
