Time [s];Waga rybacka [kg];pressure_tank
0.06163835525512695;0.0;0.0
1.0018527507781982;0.0;0.0
1.775843620300293;0.0;0.0
2.6285531520843506;0.0;0.0
3.4271814823150635;0.0;0.0
4.264895439147949;0.0;0.0
5.04473090171814;0.0;0.0
5.835861444473267;0.0;0.0
