Device;b;stdev;rms;maxOdchOdSredniej
N2OTenso;-105.78976361770515;6.6055912680092455;22744.642959211298;11.358000000000175
160PressureGain;0.2558343063803106;0.7539171041964758;64.35741604508372;2.3529999999999944
60PressureGain;0.6487277673207555;7.710298567500483;429.60519549930956;24.536
ThrustTenso;-3215.0728976192827;0.5793090712219169;1990.549084298099;1.5489999999999782
