Device;b;stdev;rms;maxOdchOdSredniej
N2OTenso;1.9676735871381694;13.417151672393063;832.4291363233269;32.321000000000026
160PressureGain;-0.019994295087791516;1.9974774091338305;3.53949148890063;5.077999999999999
60PressureGain;-0.0044813609573311625;1.8777550425974099;3.54429118442602;4.994
ThrustTenso;-3.6204869584015933;34.076083988627566;99.46900019604098;78.55
