Device;mode;mean;stdev;rms;maxOdchOdSredniej
Thrust;Zero;2762.945;4.518846644886281;2762.9486953253404;2.0549999999998363
Thrust;Burdened;3479.739;0.8676860031140299;3479.739108180382;2.2609999999999673
