Device;b;stdev;rms;maxOdchOdSredniej
N2OTenso;-4.290596853674604;17.637627504854503;2875.4900931841166;38.56399999999985
160PressureGain;-0.06862877614164535;42.238961054931266;45.630483232155235;76.737
60PressureGain;-0.009744448788351883;13.471885391436492;14.937201879870273;26.548000000000002
ThrustTenso;-0.14619218090889602;10.904883263932723;22.37608097947449;24.461
