Device;mode;mean;stdev;rms;maxOdchOdSredniej
60Pressure;Zero;688.211;8.793775014179065;688.2671799526693;22.788999999999987
60Pressure;Burdened;16634.078;7.026657526875776;16634.079484119342;21.92199999999866
