Device;b;stdev;rms;maxOdchOdSredniej
N2OTenso;-15.709940308394168;126.99263946780536;10576.30144573234;1612.4609999999993
160PressureGain;-0.03742733908427339;86.98091321663621;87.38135956827406;160.644
60PressureGain;-0.008475228557028496;4.222294992062966;7.081454652823811;10.315000000000001
ThrustTenso;-0.1142262069450974;67.97307077806623;69.57480147294709;1709.157
