Device;mode;mean;stdev;rms;maxOdchOdSredniej
ThrustTenso;Zero;3264.324;0.984390166549829;3264.3241484264395;2.675999999999931
ThrustTenso;Burdened;3921.129;1.7476724521488574;3921.129389474415;4.871000000000095
