Device;mode;mean;stdev;rms;maxOdchOdSredniej
N2OTenso;Zero;1346.82;0.8761278445523805;1346.820284967523;2.1800000000000637
N2OTenso;Burdened;1348.83;3.1624515806570064;1348.8337073190305;8.170000000000073
