Device;b;stdev;rms;maxOdchOdSredniej
N2OTenso;-4.336622381612486;1.0382865693054109;2906.281185467091;2.719000000000051
160PressureGain;-0.023729662560938485;0.5933287453006133;5.998416457699482;2.0309999999999997
60PressureGain;-0.04595235567799045;1.9221144606916623;30.48665281725759;4.574000000000002
ThrustTenso;-9.711212598542957;1.1253515006432435;1201.3285270899048;8.672000000000025
