Device;b;stdev;rms;maxOdchOdSredniej
N2OTenso;-16.309574093852973;12.86082108576276;6898.920987444341;117.09100000000035
160PressureGain;-0.10111420209181902;2.9249394865535256;15.063698085131685;9.223
60PressureGain;-0.00481530136133721;0.5595533933415113;3.2781092111154564;1.77
ThrustTenso;-11.992587009367357;2.294751402657813;309.5545057013385;17.454000000000008
