Device;b;stdev;rms;maxOdchOdSredniej
N2OTenso;1.1153943099766468;18.36552528516405;472.1663107423061;42.809000000000026
160PressureGain;-0.020452754283849704;39.58725652277511;39.69993702765787;82.011
60PressureGain;-0.004839154247337643;1.23672308945859;3.4736148318430473;3.754
ThrustTenso;-13.319091589021848;6.966977465156608;343.85558742006793;16.214999999999975
