Device;b;stdev;rms;maxOdchOdSredniej
N2OTenso;-4.295852224379652;38.2683973534299;2879.2123290928025;856.0419999999999
160PressureGain;-0.07044954770353341;42.02036600268969;45.60422129584058;75.279
60PressureGain;-0.009836577023951614;13.279903275250163;14.791044587857884;26.487000000000002
ThrustTenso;-0.1393685323604077;11.234227654805649;21.752540081562888;35.373000000000005
