Device;b;stdev;rms;maxOdchOdSredniej
N2OTenso;-19.121164954322353;11.983343606856979;14287.431025415312;48.574000000000524
160PressureGain;-0.18854924374940366;10.29440702517634;48.53236033823205;27.572000000000003
60PressureGain;-0.004828425724792463;0.5293307094813222;3.2405246488801778;1.803
ThrustTenso;-542.123;10.520355079558865;542.2250685831484;27.876999999999953
