Device;mode;mean;stdev;rms;maxOdchOdSredniej
N2OTenso;Zero;1874.6;2.7748873851023217;1874.6020537703462;11.400000000000091
N2OTenso;Burdened;2370.09;2.6649390236926624;2370.091498233771;5.9099999999998545
