Device;b;stdev;rms;maxOdchOdSredniej
N2OTenso;-10.404529348894087;16.442391523133125;7004.08829962901;36.930999999999585
160PressureGain;-0.10141527977281246;4.400336237152793;15.46043337038131;10.179
60PressureGain;-0.004827227804337426;1.3127665443634675;3.493994848307593;3.762
ThrustTenso;-9.893750621090762;9.469509807798923;255.54751025983407;82.62799999999999
