Device;b;stdev;rms;maxOdchOdSredniej
N2OTenso;-16.51311430590077;2.8170843082875603;6985.006568071357;7.993999999999687
160PressureGain;-0.09373095623291176;25.32174551645285;28.78933830430981;51.302
60PressureGain;-0.004952455455839695;0.5659646632078721;3.36986646619714;1.678
ThrustTenso;-11.217465740488377;1.120927740757628;289.54116978419495;8.461000000000013
