Device;b;stdev;rms;maxOdchOdSredniej
N2OTenso;-4.440790313021631;4.779012345663066;2989.4328199509687;14.570999999999913
160PressureGain;-0.047075315195753156;92.00065162812706;92.59902807265311;157.49
60PressureGain;-0.009748376347301553;4.007053655742583;7.66909381869853;8.461
ThrustTenso;-0.7374874259895287;10.359815442371548;96.39034183983372;215.168
