Device;b;stdev;rms;maxOdchOdSredniej
N2OTenso;-14.950330218270201;4.19468699666614;6142.802432196562;56.198999999999614
160PressureGain;-0.09594432505372583;0.6164770879765119;24.141872338325378;1.8659999999999997
60PressureGain;-0.048797758888972316;0.6433506042586733;32.3164045029765;2.6899999999999977
ThrustTenso;-0.136792;1.2184974353686593;136.79742687638537;2.2079999999999984
