Device;b;stdev;rms;maxOdchOdSredniej
N2OTenso;-4.219018855455215;37.64440138984813;2840.387466526354;864.8620000000001
160PressureGain;-0.10337757133377572;6.020930160697764;23.85242126074416;13.920000000000002
60PressureGain;-0.044862806150687516;32.38182130455296;44.20600637922408;68.907
ThrustTenso;-0.10573792922088786;10.682808619459585;17.404309811078406;137.26
