Device;b;stdev;rms;maxOdchOdSredniej
N2OTenso;1.9733349978471486;19.426869819916952;1322.6156807629343;41.472999999999956
160PressureGain;-0.023562692243036084;2.3676298274857075;6.382397668588193;5.073
60PressureGain;-0.009230947147304202;2.221138446833065;6.503076195155644;4.888
ThrustTenso;-22.88992551483411;12.820576586097834;2831.633023539597;32.396000000000186
