Device;mode;mean;stdev;rms;maxOdchOdSredniej
N2OTenso;Zero;1347.1;2.8372521918222215;1347.1029878966197;6.900000000000091
N2OTenso;Burdened;1343.74;3.0548977069617242;1343.7434725422854;6.259999999999991
