Time [s];Waga rybacka [kg];pressure_tank
0.022435426712036133;-4.441;-0.143
0.9426970481872559;-4.441;-0.143
1.7619297504425049;-4.441;-0.143
2.6938860416412354;-4.441;-0.143
3.5646157264709473;-4.441;-0.143
4.507777452468872;-4.441;-0.143
5.382836818695068;-4.441;-0.143
6.282201290130615;-4.441;-0.143
7.182652950286865;-4.441;-0.143
8.112303018569946;-4.441;-0.143
9.041555643081665;-4.441;-0.143
