Device;b;stdev;rms;maxOdchOdSredniej
N2OTenso;-66.0732958781932;2.7983621995731713;27148.237144223564;6.7629999999990105
160PressureGain;-0.08866123880617358;0.6409336939184894;22.31120794578366;1.6980000000000004
60PressureGain;-0.046908374909705695;0.680822296932173;31.066461015056092;1.940999999999999
ThrustTenso;-4.738921;10.951564226173357;4738.933654420581;22.078999999999724
