Device;mode;mean;stdev;rms;maxOdchOdSredniej
FishScales;Zero;2880.518;1.2424475844074871;2880.518267951099;4.481999999999971
FishScales;Burdened;6265.392;3.579152972422386;6265.393022309136;9.608000000000175
