Device;b;stdev;rms;maxOdchOdSredniej
N2OTenso;-16.20474841418456;8.252234606456607;6854.572967442976;14.431999999999789
160PressureGain;-0.10099787662416247;10.885329577004088;18.339792801446805;31.240000000000002
60PressureGain;-0.004879405992463372;0.6422390520670632;3.3354160160315836;1.7269999999999999
ThrustTenso;-10.6436117776436;0.9113018160850992;274.7285114435704;2.2730000000000246
