Device;b;stdev;rms;maxOdchOdSredniej
N2OTenso;-3.860111431343747;0.9056881361705033;2582.027158842447;7.972999999999956
160PressureGain;-0.08731752529543522;0.5715802655795597;21.971436002227986;2.0360000000000014
60PressureGain;-0.00942577571111347;0.5593916338308967;6.2660194701261505;1.7590000000000003
ThrustTenso;-0.083297;1.5188123649746865;83.31084563248653;2.703000000000003
