Device;b;stdev;rms;maxOdchOdSredniej
N2OTenso;-4.217035715842973;1.913162564969323;2838.8036446714664;8.197000000000116
160PressureGain;-0.10515129396151295;5.819056968272438;24.18644248334178;13.524000000000001
60PressureGain;-0.04531153856857064;32.76892985741219;44.69449630547368;70.606
ThrustTenso;-0.15078044011825734;0.724811009850154;19.606402015668248;2.407
