Device;mode;mean;stdev;rms;maxOdchOdSredniej
Thrust;Zero;3531.075;429.87244081820364;3557.1450590325944;680.9250000000002
