Device;b;stdev;rms;maxOdchOdSredniej
N2OTenso;-4.3165737839994724;17.131811783929916;2892.8957279860606;15.1550000000002
160PressureGain;-0.08046776677767731;5.956754065764341;21.099312785017432;11.759
60PressureGain;-0.043315373721316185;34.843903340469765;45.12914800879804;68.32
ThrustTenso;-2.012081106775448;0.8330516190489038;248.90639405206124;3.094999999999999
