Device;mode;mean;stdev;rms;maxOdchOdSredniej
Thrust;Zero;22.946;5.728270594167144;23.650200844813135;12.053999999999998
Thrust;Zero;30.297;5.918512566515341;30.869677678913334;13.703
Thrust;Burdened;1532.622;6.895006598981613;1532.637509654517;21.37799999999993
Thrust;Burdened;4567.576;8.342674870807324;4567.583618939012;24.423999999999978
