Device;mode;mean;stdev;rms;maxOdchOdSredniej
N2OTenso;Zero;63.428;17.733663355325096;65.86041299597201;61.572
N2OTenso;Burdened;2269.489;22.56576785753146;2269.6011841290533;71.51099999999997
