Device;b;stdev;rms;maxOdchOdSredniej
N2OTenso;1.9764774217626742;2.961920829461855;836.0502466957354;8.044999999999959
160PressureGain;-0.02100016824929232;1.3893304142643679;3.368827689271151;3.931
60PressureGain;-0.004778031226961536;1.4801942440098865;3.5302974378938665;3.795
ThrustTenso;4.0175976199705214;4.1308594747340415;103.78224318254063;12.700000000000003
