Device;mode;mean;stdev;rms;maxOdchOdSredniej
Thrust;Zero;23.007;4.744992202311822;23.491211122460246;10.992999999999999
Thrust;Zero;30.245;6.030669531652352;30.840379375098486;13.754999999999999
Thrust;Burdened;22.961;4.790143943557437;23.455340543253683;11.039000000000001
Thrust;Burdened;30.22;6.087331106486652;30.827001151587872;13.780000000000001
