Device;mode;mean;stdev;rms;maxOdchOdSredniej
Thrust;Zero;22.983;5.539017151083755;23.641044816166648;13.017
Thrust;Zero;30.214;7.875417703207875;31.22351677822343;17.786
Thrust;Burdened;1336.447;10.19221227212228;1336.4858641227747;36.55300000000011
Thrust;Burdened;4045.01;7.818689148444258;4045.0175564513934;20.98999999999978
