Time [s];Waga rybacka [kg];pressure_tank
0.020709991455078125;-6.324;0.048
0.8835022449493408;-6.273;-0.369
1.6382803916931152;-6.316;0.012
2.456951379776001;-6.3;0.116
3.244579553604126;-6.267;-0.421
4.0779054164886475;-6.324;-0.039
