Device;b;stdev;rms;maxOdchOdSredniej
N2OTenso;-4.486413876103401;1.2822289187192746;3006.6672734108774;5.333000000000084
160PressureGain;-0.08940862975297478;12.295035583519065;25.63138700889985;19.51
60PressureGain;-0.045890433421275884;65.49621954739068;72.20112880004024;114.615
ThrustTenso;-3.4604108855124354;0.7835553586058869;428.07171712225977;1.9289999999999736
