Time [s];Waga rybacka [kg];pressure_tank
0.02364826202392578;-0.001;0.051
0.8815550804138184;0.004;0.056
1.676835536956787;-0.005;-0.755
2.5526583194732666;-0.011;-0.061
3.410919427871704;0.007;0.128
4.276854753494263;-0.004;-0.791
5.080444574356079;-0.005;0.043
5.890022039413452;-0.014;0.526
