Device;mode;mean;stdev;rms;maxOdchOdSredniej
160Pressure;Zero;23.014;4.483949598289437;23.44674817538671;9.986
160Pressure;Burdened;1533.622;7.424090247296297;1533.6399694843637;19.37799999999993
60Pressure;Zero;30.346;5.141428206247754;30.778466498511584;12.654
60Pressure;Burdened;4191.434;7.680471600103733;4191.441036922743;20.565999999999804
