Device;mode;mean;stdev;rms;maxOdchOdSredniej
160Pressure;Zero;884.606;4.156773267812427;884.61576630761;16.394000000000005
160Pressure;Burdened;8337.832;5.478117924981171;8337.833799614862;15.167999999999665
