Device;mode;mean;stdev;rms;maxOdchOdSredniej
ThrustTenso;Zero;2431.192;36.74989980938724;2431.469739889847;50.80799999999999
ThrustTenso;Burdened;2428.7;36.90628672733143;2428.980395968646;53.30000000000018
