Device;mode;mean;stdev;rms;maxOdchOdSredniej
Thrust;Zero;22.978;5.345045930579081;23.59148151346159;13.021999999999998
Thrust;Zero;30.281;6.932823306561331;31.064497420689104;15.719000000000001
Thrust;Burdened;23.007;5.514793831141832;23.658719322905032;11.992999999999999
Thrust;Burdened;30.305;5.888630995401224;30.87181562525923;13.695
