Device;mode;mean;stdev;rms;maxOdchOdSredniej
Thrust;Zero;23.034;5.646135315417086;23.71590183821817;11.966000000000001
Thrust;Zero;30.362;5.986898696320157;30.94663148066361;13.638000000000002
Thrust;Burdened;23.043;5.609380625345368;23.715922921109353;11.957
Thrust;Burdened;30.38;5.983945186914734;30.96372070665927;13.620000000000001
