Device;b;stdev;rms;maxOdchOdSredniej
N2OTenso;-4.154053578554719;122.85903700990009;2799.102582436021;104.5949999999998
160PressureGain;-0.09826244193762443;5.028335311014969;22.506887834616318;11.062000000000001
60PressureGain;-0.04557541111995042;32.4485586582825;44.58133017306684;71.429
ThrustTenso;-0.5278277357643563;0.7538275664898438;68.59214240712998;2.412000000000006
