Device;mode;mean;stdev;rms;maxOdchOdSredniej
N2OTenso;Zero;1775.0;0.0;1775.0;0.0
N2OTenso;Burdened;5436.78;74.92390539740973;5437.296236182097;50.220000000000255
