Device;b;stdev;rms;maxOdchOdSredniej
N2OTenso;-9.954221476612082;10.621229260306926;6700.941417517392;89.06700000000001
160PressureGain;-0.02105490964583658;34.197383978895225;34.33553552807936;71.923
60PressureGain;-0.004851080690337859;1.0195508815159742;3.4099853372118774;2.746
ThrustTenso;-9.083334931461607;5.633283589523964;234.5216663764779;30.545999999999992
