Device;b;stdev;rms;maxOdchOdSredniej
N2OTenso;1.8601430867331306;123.20152099304617;1252.6881387639942;1056.615
160PressureGain;-0.0870948982048987;15.228970286923538;26.681116918150185;32.092
