Waga rybacka [kg];pressure_tank
0.5410284996032715;-1.72;0.091
1.3991072177886963;-1.716;0.08
2.2640976905822754;-1.734;0.6
3.1694324016571045;-1.728;-0.382
4.007364273071289;-1.728;-0.016
4.912733316421509;-1.726;0.04
