Device;b;stdev;rms;maxOdchOdSredniej
N2OTenso;1.4987371224385317;39.08603432173697;1005.1712167586177;110.41099999999994
160PressureGain;-0.021729994229869286;40.886903086440775;41.2506484797512;82.534
60PressureGain;-0.044781873996190595;8.237062522525855;30.773868785058532;18.349
ThrustTenso;-3.3932754981487014;21.60465792369784;420.3216101986668;52.23399999999998
