Device;b;stdev;rms;maxOdchOdSredniej
N2OTenso;-10.40577716707707;16.669094726469105;7004.928833114581;40.09100000000035
160PressureGain;-0.10120999953577149;4.38831619188955;15.428253303598565;10.209
60PressureGain;-0.004792939280711805;1.2127551277978585;3.4361315457939035;2.785
ThrustTenso;-9.731923183688476;8.064302511686922;251.32441385587674;29.805000000000007
