Device;b;stdev;rms;maxOdchOdSredniej
N2OTenso;-4.3091900596519785;44.722668513853236;2901.183727549843;765.1610000000001
160PressureGain;-0.1060650298606503;25.41046241216401;34.73375879457909;50.32
60PressureGain;-0.04936056596714397;2.972187746425182;33.24313462957427;11.89
ThrustTenso;-1.829066089192412;59.56054922513728;245.02518237928118;1793.324
