Device;b;stdev;rms;maxOdchOdSredniej
N2OTenso;-16.10459548971511;305.58835134703685;10845.517054848055;8573.789
160PressureGain;-0.023161413404114137;79.37541029185297;79.54366725264809;169.829
60PressureGain;-0.008670524061157033;35.836659219296656;36.305536767826474;74.184
ThrustTenso;-0.1375439598955552;156.54757382661668;157.56454867767687;4724.127
