Device;mode;mean;stdev;rms;maxOdchOdSredniej
N2OTenso;Zero;1987.77;4.460616549312438;1987.7750048735395;12.230000000000018
N2OTenso;Burdened;5400.71;31.52183211680438;5400.801989519705;66.28999999999996
