Device;mode;mean;stdev;rms;maxOdchOdSredniej
FishScales;Zero;-761.366;19.52787863542786;761.6163890043333;50.365999999999985
FishScales;Burdened;3139.259;50.93230722243005;3139.6721435525715;800.741
Thrust;Zero;3049.698;47.20017792339347;3050.0632367214944;1358.3020000000001
Thrust;Burdened;3802.632;3.7025094192992944;3802.6338025110963;9.367999999999938
