Device;b;stdev;rms;maxOdchOdSredniej
N2OTenso;1.0926038052524425;80.68030847734781;736.6634333262375;989.232
160PressureGain;-5.546137760734942;6.23696841422177;1395.0989416525267;24.914999999999964
60PressureGain;-6.335257022674333;7.746895119981939;4194.71115358376;23.296000000000276
ThrustTenso;-0.1106673088604064;10.181420284027176;17.956475155219078;28.209
