Device;mode;mean;stdev;rms;maxOdchOdSredniej
ThrustTenso;Zero;44.448;10.882981944301847;45.760944046206035;31.552
ThrustTenso;Zero;31.252;0.6800705845719252;31.2593985866651;1.748000000000001
ThrustTenso;Burdened;43.528;11.193445224773292;44.94418761085798;34.472
ThrustTenso;Burdened;31.255;0.7085019407171727;31.263029283804215;1.745000000000001
