Device;b;stdev;rms;maxOdchOdSredniej
N2OTenso;-9.689031888269186;40.51918809650559;6522.539857448171;467.58600000000024
160PressureGain;-10.964044831057048;5.421953891356879;1602.3131735088493;16.695999999999913
60PressureGain;-0.004865988744088128;0.5712302512997715;3.3136083051561784;1.7360000000000002
ThrustTenso;-9.083838584007987;3.367329951163087;234.49117893856902;49.53299999999999
