Device;b;stdev;rms;maxOdchOdSredniej
N2OTenso;1.922752427849863;18.867764149469323;1288.7121268925812;42.57400000000007
160PressureGain;-0.0226642329133708;2.2328454939829583;6.122662819394843;5.299
60PressureGain;-0.008934928554229657;2.113987701004904;6.282356245868265;5.084
ThrustTenso;-0.5681360802986438;19.020423523150054;78.27896907854625;40.06699999999999
