Device;b;stdev;rms;maxOdchOdSredniej
N2OTenso;-19.18570683199067;12.607017728233748;14335.65754341251;40.347999999999956
160PressureGain;-0.1973986705982308;10.329389333353642;50.717018839833244;26.345999999999997
60PressureGain;-0.05659996323500855;3.200847387802174;37.612444749045494;13.524000000000001
ThrustTenso;-542.118;11.098742090885796;542.2315999644433;26.881999999999948
