Device;b;stdev;rms;maxOdchOdSredniej
N2OTenso;-18.534509943861174;57.8143681017098;7615.690451495518;70.52900000000045
160PressureGain;-0.10071888104898251;1.2193338345178486;25.364325340919283;3.664999999999999
60PressureGain;-0.05255840326017445;4.675040106779834;35.11261881432372;13.200000000000003
ThrustTenso;0.158446;6.724364951428498;158.58862506497746;87.446
