Device;b;stdev;rms;maxOdchOdSredniej
N2OTenso;-16.229906955557812;1.1471268456452406;6865.210095838291;3.7899999999999636
160PressureGain;-0.10111420209181902;4.520317577339008;15.452928525040164;13.223
60PressureGain;-0.004822755388212345;0.56015622820781;3.2831387421185845;1.7650000000000001
ThrustTenso;-9.223970219412358;11.341910950100074;238.3540014348406;314.916
