Device;b;stdev;rms;maxOdchOdSredniej
N2OTenso;2.5232371597557584;1.286340157190158;1067.3237751497902;6.323000000000093
160PressureGain;-0.09945143217178709;0.5734492130956323;14.5453085219943;1.4659999999999993
60PressureGain;-0.02814835969721809;0.6179676366930553;17.96463191941321;1.0459999999999994
ThrustTenso;-4.207784569984362;3.928119015508568;108.68001196172183;19.391000000000005
