Device;mode;mean;stdev;rms;maxOdchOdSredniej
FishScales;Zero;-666.278;104.47485207455428;674.4192820493791;1077.278
