Device;b;stdev;rms;maxOdchOdSredniej
N2OTenso;-18.15848394491358;18.07112337404623;7831.27085012388;72.75
160PressureGain;-0.10032530815678399;0.7837754780547808;25.24816825038997;2.7639999999999993
60PressureGain;-0.0691324238744605;4.628058340168153;46.007368974980515;18.226
ThrustTenso;0.12461887828791;47.99932912031167;50.5636430649533;603.898
