Device;b;stdev;rms;maxOdchOdSredniej
N2OTenso;1.8310102481058255;18.352512607269883;1227.228233459449;40.090999999999894
160PressureGain;-0.0388722802011822;43.983186742208666;45.056963945654395;76.222
60PressureGain;-0.008623806971712531;22.23618447485989;22.95761311634988;45.29
ThrustTenso;-1.0465440884131285;11.16891359980907;129.94388404230497;57.537000000000006
