Device;mode;mean;stdev;rms;maxOdchOdSredniej
N2OTenso;Zero;14216.613;19.574964393326493;14216.626476453546;49.387000000000626
N2OTenso;Burdened;18145.187;15.829214478299296;18145.19390441998;45.81299999999828
