Device;b;stdev;rms;maxOdchOdSredniej
N2OTenso;-0.26155042092957675;17.49173644896355;108.88021858905317;36.534000000000006
160PressureGain;-0.011608412577976273;31.02298502723424;31.16010269559457;44.08
60PressureGain;-0.00422279584814505;12.081158222620877;12.40048386152734;17.204
ThrustTenso;-2.6548570000000002;13.304982187135765;2654.890339166573;120.14300000000003
