Device;mode;mean;stdev;rms;maxOdchOdSredniej
FishScales;Zero;-746.12;1.7668050260286223;746.1220918857717;4.1200000000000045
FishScales;Burdened;3137.102;1.652148903700874;3137.1024350505354;4.898000000000138
