Device;b;stdev;rms;maxOdchOdSredniej
N2OTenso;2.0065792548114985;1.5095416522905223;848.779342349942;3.77800000000002
160PressureGain;-0.06795728212256075;0.552724162670676;16.645179482360653;1.3640000000000008
60PressureGain;-0.003886408263967016;0.5668121381904239;2.6434825514839324;1.4180000000000001
ThrustTenso;-2.334894462514594;148.9138868977638;160.6469949921255;1596.733
