Device;mode;mean;stdev;rms;maxOdchOdSredniej
ThrustTenso;Zero;-1614.798;5.527856365717184;1614.8074615879132;14.798000000000002
ThrustTenso;Burdened;-1617.965;7.581014114219812;1617.9827604149557;103.96499999999992
