Device;b;stdev;rms;maxOdchOdSredniej
N2OTenso;-16.74053562818779;398.6074508836984;11276.357380643803;11088.69
160PressureGain;-0.03975199071001991;86.41375686197192;86.86830837537934;159.125
60PressureGain;-0.008534860772029576;4.345040275992847;7.187141295396939;10.275
ThrustTenso;-0.10464515003971128;42.100527265106784;44.24206143479302;489.402
