Device;b;stdev;rms;maxOdchOdSredniej
N2OTenso;-10.307728367851306;3.084148991212973;6938.905685408903;11.095000000000255
160PressureGain;-0.03801105722542158;58.1755015019209;58.44011464738925;106.445
60PressureGain;-0.004824246193587373;0.5850675174712745;3.2884646873579166;1.7639999999999998
ThrustTenso;-9.922226361213022;2.133905105668947;256.1158897842928;8.892999999999972
