Time [s];Waga rybacka [kg];pressure_tank
0.03733468055725098;0.103;-0.227
1.0108294486999512;0.099;-0.352
1.922546625137329;0.093;0.064
2.845595359802246;0.096;-0.227
3.631974935531616;0.103;-0.54
4.485166311264038;0.09;-0.137
5.2992894649505615;0.103;-0.231
6.123834133148193;0.096;0.329
6.9665679931640625;0.1;-0.133
7.816617488861084;0.108;-0.254
8.723678588867188;0.096;0.351
9.516968488693237;0.109;-0.258
10.33082389831543;0.109;-0.406
11.26193380355835;0.115;-0.231
