Device;b;stdev;rms;maxOdchOdSredniej
N2OTenso;-11.205994723822126;10.445347241714849;7509.946264055423;53.060999999999694
160PressureGain;-0.027550102453895744;0.5395368384086484;6.950971155169614;1.0700000000000003
60PressureGain;-0.009647789655919378;0.5544871504372306;6.412019962539106;1.612
ThrustTenso;-0.17586965532635598;0.7513081924217251;21.768968739928862;2.2439999999999998
