Device;b;stdev;rms;maxOdchOdSredniej
N2OTenso;1.9882694537463024;56.064301574174635;842.8995865463454;876.033
160PressureGain;-0.06787149810449307;0.5871754422657678;16.625372176285257;1.3850000000000016
60PressureGain;-0.00394059521110211;0.6325156124555346;2.6933250824956128;6.382
ThrustTenso;-4.095586279652301;259.5635194533315;280.2649799743093;2577.287
