Device;b;stdev;rms;maxOdchOdSredniej
N2OTenso;-15.309972431542345;5.8611944175227615;6476.082652344703;160.92000000000007
160PressureGain;-0.07026058246455964;62.298893858559;63.139401327538735;98.732
60PressureGain;-0.004873442770963263;0.5904566029777294;3.321897048374618;1.7309999999999999
ThrustTenso;-9.983284546835716;1.4451681563056942;257.6870524492839;4.317000000000007
