Device;b;stdev;rms;maxOdchOdSredniej
N2OTenso;-4.315368122577077;13.281025223980263;2892.0674948901174;97.96300000000019
160PressureGain;-0.08500776923111872;6.615308836328052;22.382917593557817;13.617
60PressureGain;-0.044333315209745996;36.03155122944334;46.47504706829246;71.646
ThrustTenso;-1.145868893294308;0.7412826721298698;141.75193825835328;2.25
