Device;b;stdev;rms;maxOdchOdSredniej
N2OTenso;-9.721940408804855;34.02282433896398;6515.456831872958;132.6319999999996
160PressureGain;-0.027164480529216398;0.5339578635061011;6.85383104548106;1.1669999999999998
60PressureGain;-0.00952545544143449;0.5465811925048282;6.330639778095102;1.6929999999999996
ThrustTenso;-0.22663548707159942;14.743429180485796;31.676268719658253;134.964
