Device;b;stdev;rms;maxOdchOdSredniej
N2OTenso;-4.346284086699138;5.683525666344791;2912.761544994715;23.244000000000142
160PressureGain;-0.023996019972830407;0.5609848482802365;6.062012867026925;1.9640000000000004
60PressureGain;-0.04592668059593807;1.8568034360157784;30.465636379370117;4.591000000000001
ThrustTenso;-9.807295827225117;1.3229527580378673;1213.2147213086396;11.786000000000058
