Device;mode;mean;stdev;rms;maxOdchOdSredniej
N2OTenso;Zero;63.843;23.977663585095193;68.19719202430552;69.157
N2OTenso;Burdened;2272.285;21.993630327892664;2272.3914365707333;171.71500000000015
