Device;b;stdev;rms;maxOdchOdSredniej
N2OTenso;2.216892556601296;14.911552568394747;937.8585511685651;31.74000000000001
160PressureGain;-0.015902375696107966;1.624507309925074;2.835489375751565;4.676
60PressureGain;-0.003555570819439395;1.7224328724220284;2.94193813667113;3.615
ThrustTenso;-2.510436746179844;13.687921536887917;66.2279397233524;35.202
