Device;b;stdev;rms;maxOdchOdSredniej
N2OTenso;-4.2916790111507765;8.162254529233941;2889.0625301297996;246.94900000000007
160PressureGain;-0.10238769077637692;5.700273589925311;23.55901101489619;13.140999999999998
60PressureGain;-0.045020831520440376;31.816747146746476;43.866672998986374;71.801
ThrustTenso;-0.49595244443736086;0.7355841216339569;64.45019782746986;3.554000000000002
