Device;b;stdev;rms;maxOdchOdSredniej
N2OTenso;-4.311153887792341;148.63629125822536;2905.9647652715958;4174.839
160PressureGain;-0.10514681486396817;5.999781246012224;24.22958934856305;13.524999999999999
60PressureGain;-0.045052138433315944;31.599613921692143;43.723952245880064;69.78
ThrustTenso;-0.5545546519349637;1.9176232685279972;72.08651052728243;3.938999999999993
