Device;b;stdev;rms;maxOdchOdSredniej
N2OTenso;-4.5802629790261795;0.9716769010324368;3069.5621537932734;3.438000000000102
160PressureGain;-0.08771507367139332;0.563829761541549;22.071202957700333;0.9359999999999999
60PressureGain;-0.009741428190463369;0.5509083408335729;6.473484378601682;1.5499999999999998
ThrustTenso;-0.6050591943152427;0.7417540023484875;74.85267530289082;2.1509999999999962
