Device;b;stdev;rms;maxOdchOdSredniej
N2OTenso;1.9484010840250698;18.35115339699388;1305.8919469083191;43.76299999999992
160PressureGain;-0.02357859417807441;2.2396961847536376;6.339794949365476;5.069
60PressureGain;-0.009285317909297486;1.9950177944068568;6.463590333553017;4.852
ThrustTenso;-1.524427028358775;51.95202078841592;210.263239773385;90.256
