Device;b;stdev;rms;maxOdchOdSredniej
N2OTenso;-19.146127980081417;2140.3832618180795;8152.751556437863;526.2269999999999
160PressureGain;7.700512042308234;0.0;1937.0;0.0
60PressureGain;2.925449055027526;0.0;1937.0;0.0
ThrustTenso;0.9570000000000001;0.0;957.0;0.0
