Device;b;stdev;rms;maxOdchOdSredniej
N2OTenso;-18.616711435187703;20.381743890060044;7649.273153966983;116.7539999999999
160PressureGain;-0.1002815778354286;1.1038002536691136;25.24913859916809;3.7749999999999986
60PressureGain;-0.04593876298749214;2.6266158836038436;30.530198165095488;4.582999999999998
ThrustTenso;0.168024;3.6787802326314627;168.06426746932257;5.024000000000001
