Device;b;stdev;rms;maxOdchOdSredniej
N2OTenso;-10.297404157884953;69.97874659494839;6932.308212060396;1758.045
160PressureGain;-0.04068654298152236;58.95477151172753;59.25386063371736;108.054
60PressureGain;-0.00486002552258802;0.5660388679233961;3.308776208811953;1.7400000000000002
ThrustTenso;-10.12407480480074;3.958599626130433;261.3469819990275;65.68299999999999
