Device;mode;mean;stdev;rms;maxOdchOdSredniej
160Pressure;Zero;22.646;0.5972302738475336;22.653873840912947;1.3539999999999992
160Pressure;Burdened;12208.832;10.888791301150004;12208.836855736914;31.167999999999665
