Device;b;stdev;rms;maxOdchOdSredniej
N2OWeigthBValue;-21.59684287511845;10.516059147798668;14707.45375957375;21.549999999999272
BemBValue;-0.005433186489700001;0.5196152422706632;3.736308338453881;1.2999999999999998
N20BValue;-0.0433186490395;0.7280109889280518;29.508981683548484;2.5
ThrustBValue;-1.17560939778079;0.6339558344238185;800.5902510023463;1.4099999999999682
