Device;mode;mean;stdev;rms;maxOdchOdSredniej
Thrust;Zero;2795.892;12.689615281796373;2795.920796803801;43.108000000000175
Thrust;Burdened;3570.326;12.670190369524839;3570.3484815911174;28.673999999999978
