Device;mode;mean;stdev;rms;maxOdchOdSredniej
N2OTenso;Zero;-968.0;0.0;968.0;0.0
N2OTenso;Burdened;5450.95;25.96589108811789;5451.011844602798;48.05000000000018
