Device;b;stdev;rms;maxOdchOdSredniej
N2OTenso;-0.33973258027822195;3.3302005945588324;73.11787743089921;11.957999999999998
160PressureGain;-0.010932580338847519;0.558121850495033;2.806064860262499;2.25
60PressureGain;-0.004316434382689039;0.694144077263503;2.9410882339705484;2.142
ThrustTenso;-0.256817732378085;7.37406475425867;33.58259966113404;87.237
