Device;b;stdev;rms;maxOdchOdSredniej
N2OTenso;1.9811464801363041;12.436542928000529;838.112276488061;30.019999999999982
160PressureGain;-0.020281687419648885;2.0006758857945983;3.57603131977336;4.036
60PressureGain;-0.004578263306707918;1.887315288975321;3.604580419410836;4.929
ThrustTenso;-2.8309922206989966;34.54320216772035;80.82542916681606;86.928
