Device;b;stdev;rms;maxOdchOdSredniej
N2OTenso;1.4461938604746265;40.77105340802467;970.0551747194589;250.19799999999998
160PressureGain;-0.022707963234726188;39.66735504164602;40.076501843349554;79.288
60PressureGain;-0.044620272009155;7.980229570632664;30.602810328464933;17.456
ThrustTenso;-3.5666068618877955;130.11250030646556;459.99321951524456;1134.792
