Device;b;stdev;rms;maxOdchOdSredniej
N2OTenso;-4.131602099695404;1.2930085073192674;2763.627302477669;3.3730000000000473
160PressureGain;-0.09064898068596404;0.5854878307872845;22.80951555820509;1.1980000000000004
60PressureGain;-0.046908374909705695;0.8071672689102303;31.069486638822983;3.940999999999999
ThrustTenso;-0.08917900000000001;0.7300404098404417;89.1819880917666;1.820999999999998
