Device;b;stdev;rms;maxOdchOdSredniej
N2OTenso;-4.296957911401924;24.210501832882358;2879.800770713141;242.30099999999993
160PressureGain;-0.0659333981526495;46.69227746640766;49.550287587460076;76.41499999999999
60PressureGain;-0.01025341953256679;1.1236009077960019;6.881351611420536;3.2110000000000003
ThrustTenso;-0.362078402818662;11.078687602780395;46.1407737256323;22.209000000000003
