Device;b;stdev;rms;maxOdchOdSredniej
N2OTenso;1.4977388705925132;62.06555756617353;1005.6590555451684;516.742
160PressureGain;-0.02205200841439534;40.15599321396496;40.53730380772752;83.453
60PressureGain;-0.044751668017305436;8.14290114148514;30.729513500867533;18.369
ThrustTenso;-3.540819759456692;121.31251244616112;454.5068690350015;1349.982
