Device;b;stdev;rms;maxOdchOdSredniej
N2OTenso;-4.112556196481332;2.2612164867610534;2768.4709234521497;7.5300000000002
160PressureGain;-0.10021980756469809;6.290339815939994;23.24239660620221;13.625
60PressureGain;-0.05185170174881409;34.59345370153145;49.05532590861058;68.219
ThrustTenso;-3.5863858382009566;0.698683762513485;466.0295237428633;1.9710000000000036
