Device;b;stdev;rms;maxOdchOdSredniej
N2OTenso;-19.11675786264646;14.172907640988846;14284.140031272445;49.86700000000019
160PressureGain;-0.014574123462623637;0.5902914534363513;3.7132196272237925;1.334
60PressureGain;-0.004775565261743437;0.5419926198759537;3.2081147111660457;0.8380000000000001
ThrustTenso;-543.761;9.623818317071454;543.8461574747034;24.239000000000033
