Device;b;stdev;rms;maxOdchOdSredniej
N2OTenso;2.0022458958247324;56.581039006013306;848.8328734209108;627.945
160PressureGain;-0.010914995060800814;0.5713282769126695;2.7323982140237173;1.3279999999999998
60PressureGain;-0.004312377876167894;0.5628276823327013;2.9197602641312868;1.1349999999999998
ThrustTenso;-7.133153529374276;0.733015006667667;184.118459150624;4.88300000000001
