Device;b;stdev;rms;maxOdchOdSredniej
N2OTenso;-10.404994309717031;16.646383270848958;7004.401780594828;41.61800000000039
160PressureGain;-0.10129211163058788;4.795642918316584;15.560430585301939;10.197
60PressureGain;-0.00478548525383667;1.3527379642783743;3.483389154257675;3.79
ThrustTenso;-9.913780495435264;9.267290812314029;256.0567573800777;23.11099999999999
