Waga rybacka [kg];pressure_tank
0.029271364212036133;-1.719;0.068
0.9923989772796631;-1.732;0.378
1.8319604396820068;-1.735;0.485
2.7220635414123535;-1.725;-0.549
3.5669257640838623;-1.722;0.083
4.43941855430603;-1.726;-0.529
5.254222393035889;-1.741;0.107
6.0486814975738525;-1.731;0.557
6.889979839324951;-1.732;0.576
