Device;mode;mean;stdev;rms;maxOdchOdSredniej
ThrustTenso;Zero;38.39;10.249775607299897;39.73474550063206;16.61
ThrustTenso;Zero;32.68;1.4551975810864997;32.71238297648155;4.32
ThrustTenso;Burdened;38.28;9.911690067793685;39.54238232580328;15.719999999999999
ThrustTenso;Burdened;32.97;1.5649600633882006;33.00712044392846;8.030000000000001
