Device;b;stdev;rms;maxOdchOdSredniej
N2OTenso;-16.085783145108795;247.9514101411807;10831.385416141373;5550.4529999999995
160PressureGain;-0.0888921698739217;5.1890542490900975;20.513166503492336;11.154
60PressureGain;-0.004044554982448252;19.65122466921591;19.83761578416116;36.287
ThrustTenso;-0.11681963359338264;181.88112491404928;182.51349539143675;5485.82
