Device;b;stdev;rms;maxOdchOdSredniej
N2OTenso;-4.277829714817497;14.17688315533425;2879.7628961426667;321.27199999999993
160PressureGain;-0.1048243198407432;6.314474720829913;24.239905115325843;14.597000000000001
60PressureGain;-0.04496418091618935;33.220642362844224;44.869778247724824;72.839
ThrustTenso;-1.0860378110166358;2.2442424111490276;141.14184354754616;19.876000000000005
