Device;b;stdev;rms;maxOdchOdSredniej
N2OTenso;-4.283628488770408;2.1074259180336568;2870.76677352933;7.233999999999924
160PressureGain;-0.08873279751384604;11.997149661482096;25.339968429341027;18.68
60PressureGain;-0.04619400350907171;65.89396485263275;72.64652779039065;119.414
ThrustTenso;-3.3899530846379857;147.6744492964169;444.5968499663487;2810.645
N2OTenso;-4.296005916367903;55.56435259228708;2879.5971313709842;678.9389999999999
160PressureGain;-0.08871689557880771;11.928375580941438;25.30395226046714;18.684
60PressureGain;-0.04632086862038938;65.91959572084768;72.70517175552231;117.33
ThrustTenso;-3.223727320596992;0.8029545441679747;398.7928083604317;2.208000000000027
