Device;b;stdev;rms;maxOdchOdSredniej
N2OTenso;-4.444380761293382;4.692151318958074;2991.8496793789623;14.153999999999996
160PressureGain;-0.046860318513603186;91.84010320116153;92.43407380398205;159.538
60PressureGain;-0.009751357958051609;4.005286381770971;7.669876139808256;8.459
ThrustTenso;-0.7284989324429496;2.57509300802903;94.69901794633353;7.3359999999999985
