Device;b;stdev;rms;maxOdchOdSredniej
N2OTenso;1.5106057251040503;40.23189996756305;1013.1641027000512;309.365
160PressureGain;-0.022250782602374387;40.01922776616261;40.40872430552591;81.403
60PressureGain;-0.04471240024475473;8.083376460366052;30.688711279556852;18.395
ThrustTenso;-3.4031619013691525;39.26933764401941;422.8165311337767;785.011
