Device;mode;mean;stdev;rms;maxOdchOdSredniej
Thrust;Zero;3080.754;13.988548316390805;3080.7857582116935;151.2460000000001
Thrust;Burdened;3810.143;7.330249040789814;3810.1500512447014;18.85699999999997
