Device;mode;mean;stdev;rms;maxOdchOdSredniej
ThrustTenso;Zero;-1524.7;5.155773462827861;1524.7087170997613;12.700000000000045
ThrustTenso;Burdened;-1528.363;23.45432222427244;1528.5429549083663;16.363000000000056
