Device;b;stdev;rms;maxOdchOdSredniej
N2OTenso;-4.151240045651658;2.308219876874818;2794.5119532755625;7.489000000000033
160PressureGain;-0.10379412740544128;6.361216157308286;24.030251767303646;13.827000000000002
60PressureGain;-0.05317106450571298;33.927222756954336;49.225196800012895;67.334
ThrustTenso;-3.3180162016856714;0.7427408700213014;431.1566397494071;1.843999999999994
