Device;b;stdev;rms;maxOdchOdSredniej
N2OTenso;-16.312886170198016;8.627392421815527;6900.315393371523;173.6899999999996
160PressureGain;-0.10045730533328788;4.379182457948058;15.320215403185427;12.319
60PressureGain;-0.00480039330758694;0.5546169849544819;3.267414880299103;1.7799999999999998
ThrustTenso;-12.926475057866774;0.877039907871928;333.65215269798574;3.3489999999999895
