Device;b;stdev;rms;maxOdchOdSredniej
N2OTenso;-4.346016990913731;1.84663775548969;2912.5775854043786;4.4229999999997744
160PressureGain;-0.023992044489070826;0.5811841360532821;6.0629200885381955;1.9649999999999999
60PressureGain;-0.04594329388432491;1.8098618731825917;30.473792018716672;4.579999999999998
ThrustTenso;-9.809276341361675;1.313133275794959;1213.4597104972213;12.54099999999994
