Device;b;stdev;rms;maxOdchOdSredniej
N2OTenso;1.1055945086477157;18.049491848802834;741.1578131545265;41.93799999999999
160PressureGain;-0.09140432260028442;5.647471646675173;23.675430302319743;13.008
60PressureGain;-0.04588439222549885;5.946077614696935;30.95740622209813;13.619
ThrustTenso;-0.41281577304198924;55.23846236093107;78.07341416897303;1553.826
