Device;b;stdev;rms;maxOdchOdSredniej
N2OTenso;-4.287193247604696;17.23586304772697;2873.2066979248116;38.8449999999998
160PressureGain;-0.07092263027092353;41.51380975049146;45.18475406594574;75.16
60PressureGain;-0.009765592973571494;13.405701921197561;14.883615152240399;26.534
ThrustTenso;-0.14777837991358847;10.854630302317993;22.537191484299903;23.249
