Device;mode;mean;stdev;rms;maxOdchOdSredniej
ThrustTenso;Zero;4511.343;11.693047122114919;4511.358153704935;23.657000000000153
ThrustTenso;Burdened;4506.721;11.694578188203284;4506.736173218929;23.27900000000045
